분류,품명,규격,수수료,데이터기준일자
가구류,장롱,폭120cm이상1쪽,15000,2026-01-16
가구류,장롱,폭120cm미만1쪽,10000,2026-01-16
가구류,문갑,,3000,2026-01-16
가구류,화장대,거울포함,5000,2026-01-16
가구류,화장대,거울미포함,3000,2026-01-16
가구류,"장식장, 진열장",1㎡이상,6000,2026-01-16
가구류,"장식장, 진열장",1㎡미만,3000,2026-01-16
가구류,서랍장,5단이상,5000,2026-01-16
가구류,서랍장,4단이하,3000,2026-01-16
가구류,책장,5단이상,5000,2026-01-16
가구류,책장,4단이하,3000,2026-01-16
가구류,책장,박스형(공간박스1개당),1000,2026-01-16
가구류,신발장,높이 150cm 이상,4000,2026-01-16
가구류,신발장,높이 150cm 미만,2000,2026-01-16
가구류,책상,양수(대형),5000,2026-01-16
가구류,책상,편수(소형),4000,2026-01-16
가구류,책상,"h형책상(상판,책장,서랍 포함)",10000,2026-01-16
가구류,책상,학원용책상,2000,2026-01-16
가구류,책상,책상상판,3000,2026-01-16
가구류,책꽂이,,3000,2026-01-16
가구류,캐비넷,,4000,2026-01-16
가구류,화일캐비넷,4단이상,4000,2026-01-16
가구류,화일캐비넷,3단이하,3000,2026-01-16
가구류,옷걸이,,2000,2026-01-16
가구류,쇼파,대형 4인이상(분리되는 개당),8000,2026-01-16
가구류,쇼파,2～3인용(분리되는 개당),5000,2026-01-16
가구류,쇼파,1인용(분리되는 개당),3000,2026-01-16
가구류,의자,장의자(4인용),8000,2026-01-16
가구류,의자,보조의자(2～3인용),3000,2026-01-16
가구류,의자,1인 회전의자,3000,2026-01-16
가구류,의자,1인 일반의자,2000,2026-01-16
가구류,의자,안마의자,7000,2026-01-16
가구류,"침대 (매트리스, 틀 포함)",2인용,15000,2026-01-16
가구류,"침대 (매트리스, 틀 포함)",1인용,10000,2026-01-16
가구류,"침대 (매트리스, 틀 포함)",유아용,6000,2026-01-16
가구류,매트리스,2인용,8000,2026-01-16
가구류,매트리스,1인용,5000,2026-01-16
가구류,매트리스,유아용,3000,2026-01-16
가구류,침대틀,2인용,7000,2026-01-16
가구류,침대틀,1인용,5000,2026-01-16
가구류,침대틀,유아용,3000,2026-01-16
가구류,돌침대,2인용,30000,2026-01-16
가구류,돌침대,1인용,25000,2026-01-16
가구류,침대 헤드,2인용이상,3000,2026-01-16
가구류,침대 헤드,2인용미만,2000,2026-01-16
가구류,라텍스,,6000,2026-01-16
가구류,탁자,,3000,2026-01-16
가구류,"거실장 (TV받침대, 문갑 등)",길이 100cm이상,8000,2026-01-16
가구류,"거실장 (TV받침대, 문갑 등)",길이 50～100cm,6000,2026-01-16
가구류,"거실장 (TV받침대, 문갑 등)",길이 50cm미만,4000,2026-01-16
가구류,오디오장식장,,3000,2026-01-16
가구류,파티션,폭 100cm 이상,4000,2026-01-16
가구류,파티션,폭 100cm 미만,3000,2026-01-16
사무용가구,책상,상판길이 150cm 이상,8000,2026-01-16
사무용가구,책상,상판길이 150cm 미만,7000,2026-01-16
사무용가구,책상유리,책상유리 150cm 이상,4000,2026-01-16
사무용가구,책상유리,책상유리 150cm 미만,3000,2026-01-16
사무용가구,파티션,폭 120cm 이상,5000,2026-01-16
사무용가구,파티션,폭 120cm 미만,4000,2026-01-16
사무용가구,책상 서랍장,5단 이상,5000,2026-01-16
사무용가구,책상 서랍장,4단 이하,3000,2026-01-16
사무용가구,회의용 탁자,6인 이상,5000,2026-01-16
사무용가구,회의용 탁자,6인 이하,4000,2026-01-16
사무용가구,책장,높이 또는 폭(큰수) 100cm 이상,6000,2026-01-16
사무용가구,책장,높이 또는 폭(큰수) 100cm 미만,4000,2026-01-16
주방용품,식탁,6인용이상,5000,2026-01-16
주방용품,식탁,6인용미만,4000,2026-01-16
주방용품,대리석 식탁,6인용이상,18000,2026-01-16
주방용품,대리석 식탁,6인용미만,13000,2026-01-16
주방용품,(교자)상,길이1m이상,3000,2026-01-16
주방용품,(교자)상,길이1m미만,2000,2026-01-16
주방용품,쌀통,모든규격,3000,2026-01-16
주방용품,전기밥솥(통),모든규격,0,2026-01-16
주방용품,싱크대,상판길이 120cm 이상,6000,2026-01-16
주방용품,싱크대,상판길이 120cm 미만,4000,2026-01-16
주방용품,싱크대,상판(대리석) 120cm 이상,12000,2026-01-16
주방용품,싱크대,상판(대리석) 120cm 미만,10000,2026-01-16
주방용품,싱크대,싱크대 찬장 1쪽당,5000,2026-01-16
주방용품,배기후드(가정용),모든규격,2000,2026-01-16
주방용품,식기세척기,모든규격,0,2026-01-16
주방용품,식기건조기,인공건조(동력),0,2026-01-16
주방용품,식기건조대,자연건조(무동력),2000,2026-01-16
주방용품,가스(오븐)렌지,높이1m이상,0,2026-01-16
주방용품,가스(오븐)렌지,높이1m미만,0,2026-01-16
주방용품,전자렌지,모든규격,0,2026-01-16
주방용품,"믹서기,분쇄기",모든규격,0,2026-01-16
주방용품,정수기,스탠드형,0,2026-01-16
주방용품,정수기,탁상형,0,2026-01-16
주방용품,아이스박스,,2000,2026-01-16
주방용품,에어프라이어,,0,2026-01-16
가전제품,냉장고,모든규격,0,2026-01-16
가전제품,세탁기,가정용,0,2026-01-16
가전제품,탈수기,가정용,0,2026-01-16
가전제품,청소기,가정용,0,2026-01-16
가전제품,공기청정기,모든규격,0,2026-01-16
가전제품,TV,모든규격,0,2026-01-16
가전제품,오디오(대형),높이1m이상,0,2026-01-16
가전제품,오디오(대형),스피커1개,0,2026-01-16
가전제품,오디오세트(소형),높이1m미만,0,2026-01-16
가전제품,카세트녹음기,모든규격,0,2026-01-16
가전제품,비디오,모든규격,0,2026-01-16
가전제품,개인용컴퓨터,세트,0,2026-01-16
가전제품,개인용컴퓨터,본체,0,2026-01-16
가전제품,개인용컴퓨터,모니터,0,2026-01-16
가전제품,개인용컴퓨터,키보드,0,2026-01-16
가전제품,프린터,사무실용,0,2026-01-16
가전제품,프린터,가정용,0,2026-01-16
가전제품,복사기,모든규격,0,2026-01-16
가전제품,팩시밀리,모든규격,0,2026-01-16
가전제품,오락기(가정용),모든규격,0,2026-01-16
가전제품,오락기 (사업장용),높이1m이상,0,2026-01-16
가전제품,오락기 (사업장용),높이1m미만,0,2026-01-16
가전제품,자동판매기,모든규격,0,2026-01-16
가전제품,가습기,모든규격,0,2026-01-16
가전제품,전기장판(담요),모든규격,3000,2026-01-16
가전제품,노래방기계,모든규격,5000,2026-01-16
가전제품,다리미,모든규격,0,2026-01-16
가전제품,스탠드,,0,2026-01-16
가전제품,헤어드라이기,모든규격,0,2026-01-16
냉난방용품,에어컨,모든규격,0,2026-01-16
냉난방용품,선풍기,가정용,0,2026-01-16
냉난방용품,선풍기,사업장용(대형),0,2026-01-16
냉난방용품,(전기)난로,대형,0,2026-01-16
냉난방용품,(전기)난로,소형,0,2026-01-16
냉난방용품,보일러,모든규격,0,2026-01-16
냉난방용품,보일러 기름통,높이 1.5미터 이상,10000,2026-01-16
냉난방용품,보일러 기름통,높이 1미터～1.5미터 미만,8000,2026-01-16
냉난방용품,보일러 기름통,높이 1미터 미만,3000,2026-01-16
냉난방용품,히터,모든규격,0,2026-01-16
냉난방용품,전기온풍기(대형),264㎡ 이상 스탠드형,0,2026-01-16
냉난방용품,전기온풍기(중형),66㎡이상 264㎡미만,0,2026-01-16
냉난방용품,전기온풍기(소형),66㎡ 미만,0,2026-01-16
악기,피아노,그랜드,15000,2026-01-16
악기,피아노,업라이트이하,10000,2026-01-16
악기,(전자)오르간,모든규격,5000,2026-01-16
기타,자전거,성인용,4000,2026-01-16
기타,자전거,아동용,2000,2026-01-16
기타,헬스기구,런닝머신,0,2026-01-16
기타,헬스기구,싸이클,0,2026-01-16
기타,"보행기,유모차",,2000,2026-01-16
기타,"돗자리,대자리",4㎡이상,3000,2026-01-16
기타,"돗자리,대자리",4㎡미만,2000,2026-01-16
기타,옥매트,,6000,2026-01-16
기타,카페트,6㎡이상,10000,2026-01-16
기타,카페트,6㎡미만,6000,2026-01-16
기타,가방,여행용 가방,4000,2026-01-16
기타,가방,골프 가방,5000,2026-01-16
기타,"거울,액자",1㎡이상,2000,2026-01-16
기타,"거울,액자",1㎡미만,1000,2026-01-16
기타,벽시계,대형(1m이상),4000,2026-01-16
기타,벽시계,중형(40cm이상),2000,2026-01-16
기타,수족관(가정용),특대형(1m×2m이상),9000,2026-01-16
기타,수족관(가정용),대형(1m×1m),5000,2026-01-16
기타,수족관(가정용),소형(1㎡미만),3000,2026-01-16
기타,물탱크(저수조),2㎡초과～4㎡이하,10000,2026-01-16
기타,물탱크(저수조),2㎡미만,6000,2026-01-16
기타,세면대,모든규격,3000,2026-01-16
기타,욕조,2인이상,15000,2026-01-16
기타,욕조,일반용,10000,2026-01-16
기타,욕조,유아용,2000,2026-01-16
기타,변기,양변기,4000,2026-01-16
기타,변기,좌변기,2000,2026-01-16
기타,기계식비데,모든규격,2000,2026-01-16
기타,비키니옷장,모든규격,3000,2026-01-16
기타,화환,모든규격,3000,2026-01-16
기타,파레트,,4000,2026-01-16
기타,문짝,현관문,4000,2026-01-16
기타,문짝,창문,3000,2026-01-16
기타,간판,넓이2㎡이상,7000,2026-01-16
기타,간판,넓이2㎡미만,4000,2026-01-16
기타,폐목재,10kg,1000,2026-01-16
기타,휠체어,모든 규격,4000,2026-01-16
기타,버티칼/블라인드,모든규격(쪽당),2000,2026-01-16
기타,재봉틀,모든규격,4000,2026-01-16
기타,휠체어,모든규격,4000,2026-01-16
기타,스키 및 보드세트,모든규격,4000,2026-01-16
기타,앰프,모든규격,3000,2026-01-16
기타,타자기,모든규격,3000,2026-01-16
기타,변압기,,3000,2026-01-16
기타,병풍,모든규격,3000,2026-01-16
기타,수조관 받침대,,3000,2026-01-16
기타,합판,모든규격,3000,2026-01-16
기타,파라솔,모든규격,3000,2026-01-16
기타,화이트보드,,3000,2026-01-16
기타,다리미판,모든규격,3000,2026-01-16
기타,유아용 카시트,모든규격,3000,2026-01-16
기타,캣타워,모든규격,3000,2026-01-16
기타,진동베개,모든규격,3000,2026-01-16
기타,볼링공,모든규격,3000,2026-01-16
기타,빨래건조대,모든규격,2000,2026-01-16
기타,장롱받침목,모든규격,2000,2026-01-16
기타,조명기구,모든규격,2000,2026-01-16
기타,화한받침대,모든규격,2000,2026-01-16
기타,인라인스케이트,모든규격,2000,2026-01-16
기타,바이올린 케이스,모든규격,2000,2026-01-16
기타,실내운동기구,,5000,2026-01-16
기타,전자식비데,모든규격,0,2026-01-16
기타,플라스틱 서랍장,탁상용,1000,2026-01-16
기타,플라스틱 서랍장,4단 이하,2000,2026-01-16
기타,플라스틱 서랍장,5단 이상,3000,2026-01-16
기타,"완구, 장난감",소형,2000,2026-01-16
기타,"완구, 장난감","미끄럼틀, 싱크대 등",5000,2026-01-16
기타,유아 전동차,,4000,2026-01-16
기타,고무대야,세숫대야,1000,2026-01-16
기타,고무대야,지름 1m 이하(김장용),2000,2026-01-16
